links,titles,pubdates,content,html_file_names,file_status,file_size,sent_to_archive
http://acftu.workercn.cn/34165/202106/21/210621101137924.shtml,新疆工会干部开展体验式调研零距离倾听“八大群体”呼声,2021-06-21--02-48-45,由于担心出现差错，陈文海在“同事”康小刚的协助下扫码核对客户信息，逐一拨打电话，派送快递。 曹宝荣和陈文海并非真正的快递小哥，而是新疆<b>维吾尔</b>&nbsp;...,新疆工会干部开展体验式调研零距离倾听“八---2021-06-21--02-48-45.html,1,3635,http://web.archive.org/web/20210622053521/http://acftu.workercn.cn/34165/202106/21/210621101137924.shtml
http://www.greenchina.tv/news-47415.xhtml,新疆加快推进林长制,2021-06-21--01-07-30,全面推行林长制工作以来，新疆<b>维吾尔</b>自治区各级党委、政府高度重视，统筹安排，各地州(市)积极探索符合本地区森林草原资源保护特点的工作方式和&nbsp;...,新疆加快推进林长制---2021-06-21--01-07-30.html,1,658,http://web.archive.org/web/20210623050019/http://www.greenchina.tv/news-47415.xhtml
https://www.dwnews.com/%E4%B8%AD%E5%9B%BD/60247141/%E6%BE%84%E6%B8%85%E8%A5%BF%E6%96%B9%E4%B8%8D%E5%AE%9E%E6%8C%87%E6%8E%A7%E4%B8%AD%E5%9B%BD%E5%AE%98%E5%AA%92%E9%82%80%E6%98%8E%E6%98%9F%E9%9B%86%E4%BD%93%E5%AE%A3%E4%BC%A0%E6%96%B0%E7%96%86%E5%9B%BE,澄清西方不实指控中国官媒邀明星集体宣传新疆[图],2021-06-21--00-56-15,新疆<b>维吾尔</b>自治区政府新闻发言人徐贵相表示，所谓“种族灭绝”是一个世纪谎言，也是人类历史上最大的诬陷案。 徐贵相在涉疆问题新闻发布会上还表示，&nbsp;...,澄清西方不实指控中国官媒邀明星集体宣传新---2021-06-21--00-56-15.html,1,6739,http://web.archive.org/web/20210623050051/https://www.dwnews.com/%E4%B8%AD%E5%9B%BD/60247141/%E6%BE%84%E6%B8%85%E8%A5%BF%E6%96%B9%E4%B8%8D%E5%AE%9E%E6%8C%87%E6%8E%A7%E4%B8%AD%E5%9B%BD%E5%AE%98%E5%AA%92%E9%82%80%E6%98%8E%E6%98%9F%E9%9B%86%E4%BD%93%E5%AE%A3%E4%BC%A0%E6%96%B0%E7%96%86%E5%9B%BE
http://www.qhxzzb.com/P/C/223067.htm,【新闻直播间】北京涉疆问题新闻发布会揭批“维吾尔特别法庭”涉疆谎言】-青河县党建网,2021-06-20--23-06-05,【新闻直播间】北京涉疆问题新闻发布会揭批“<b>维吾尔</b>特别法庭”涉疆谎言】. 日期：2021-06-19. 来源：央视音影. 【字体：大中小】. 责任编辑：青河县.,【新闻直播间】北京涉疆问题新闻发布会揭批---2021-06-20--23-06-05.html,1,8684,https://web.archive.org/web/20210623050152/http://www.qhxzzb.com/P/C/223067.htm
https://www.huatu.com/z/dxxxcx/xj.html,新疆高校名单—高考频道—华图教育,2021-06-20--22-46-12,"3, 新疆农业大学, 4165010758, 新疆<b>维吾尔</b>自治区, 乌鲁木齐市, 本科. 4, 石河子大学, 4165010759, 新疆生产建设兵团, 石河子市, 本科. 5, 新疆医科大学&nbsp;...",新疆高校名单—高考频道—华图教育---2021-06-20--22-46-12.html,1,787,http://web.archive.org/web/20210622051346/https://www.huatu.com/z/dxxxcx/xj.html
https://baike.baidu.com/item/%E5%AE%8B%E9%AB%98%E5%AE%97%E8%B5%B5%E6%9E%84/57379588,宋高宗赵构- 2007年喀什维吾尔文出版社,2021-06-20--22-09-03,《宋高宗赵构》是喀什<b>维吾尔</b>文出版社；新疆青少年出版社出版的图书，作者是北京未来新世纪教育科学发展中心编...,宋高宗赵构- 2007年喀什维吾尔<b---2021-06-20--22-09-03.html,1,,https://web.archive.org/web/20210623070136/https://baike.baidu.com/item/%E5%AE%8B%E9%AB%98%E5%AE%97%E8%B5%B5%E6%9E%84/57379588
http://www.xjnj.gov.cn/html/web/zljd/jiandingjianyan/index.html,新疆农机网,2021-06-20--21-44-57,新疆<b>维吾尔</b>自治区农牧业机械产品质量监督管理站关于农业机械试验鉴定申报进驻新疆政务服务网有关工作的通知 2021-06-11. 质监站党支部参观“党旗映&nbsp;...,新疆农机网---2021-06-20--21-44-57.html,1,4930,http://web.archive.org/web/20210622051345/http://www.xjnj.gov.cn/html/web/zljd/jiandingjianyan/index.html
https://finance.sina.com.cn/tech/2021-06-21/doc-ikqcfnca2203032.shtml,舞剧《五星出东方》首演,2021-06-20--20-10-56,6月19日，由北京市委宣传部、新疆<b>维吾尔</b>自治区党委宣传部联合出品的舞剧《五星出东方》在北京成功首演。该剧生动诠释了各族人民“像石榴籽一样紧&nbsp;...,舞剧《五星出东方》首演---2021-06-20--20-10-56.html,1,6033,http://web.archive.org/web/20210623060026/https://finance.sina.com.cn/tech/2021-06-21/doc-ikqcfnca2203032.shtml
http://jxjyxuexi.chinaacc.com/xinjiang/zizhiqu//CourseIntro.aspx?StudyID=5847&CourseID=3673&CourseVerify=acc1210110,新疆维吾尔自治区会计人员继续教育网上培训,2021-06-20--17-17-15,本课程以专题形式分别从党的十八大以来党领导人民取得历史性伟大成就、新时代中国特色社会主义事业的使命和战略定位、新时代中国特色社会主义&nbsp;...,新疆维吾尔自治区会计人员继续教育---2021-06-20--17-17-15.html,0,4,http://web.archive.org/web/20210622055322/http://jxjyxuexi.chinaacc.com/xinjiang/zizhiqu//CourseIntro.aspx?StudyID=5847&CourseID=3673&CourseVerify=acc1210110
http://www.ccgp-xinjiang.gov.cn/ZcyAnnouncement/ZcyAnnouncement3/ZcyAnnouncement3005/LaiWQOmzlG7F14weeDKjuw==.html,新疆方通招标有限责任公司关于莎车县维吾尔医医院中草药制剂中心设施设备采购项目的更正公告,2021-06-20--16-35-41,四、对本次采购提出询问，请按以下方式联系。 1.采购人信息. 名称： 莎车县<b>维吾尔</b>医医院. 地址：&nbsp;...,新疆方通招标有限责任公司关于莎车县维吾尔---2021-06-20--16-35-41.html,1,28777,https://web.archive.org/web/20210607091947/https://sitecdn.zcycdn.com/official-site-web-front/styles/vendor-f8b9d50d0a.css
http://www.91zlkp.com/enterprise_31_0_3_7.html,新疆维吾尔自治区电气工程师一级造价工程-建筑兼职招聘网,2021-06-20--14-14-58,... 河南省 湖北省 湖南省 广东省 广西壮族自治区 海南省 重庆市 四川省 贵州省 云南省 西藏自治区 陕西省 甘肃省 青海省 宁夏回族自治区 新疆<b>维吾尔</b>自治区.,新疆维吾尔自治区电气工程师一级造---2021-06-20--14-14-58.html,1,18,http://web.archive.org/web/20210622055409/http://www.91zlkp.com/enterprise_31_0_3_7.html
http://202.107.204.217/kcms/detail/detail.aspx?filename=SSQS201506011&dbcode=CJFX&dbname=,精准扶贫—新疆维吾尔自治区扶贫实践与创新- 中国党建期刊文献总库,2021-06-20--13-48-29,"20世纪70年代末期,新疆农村与全国同步启动扶贫工作。在长期的扶贫实践中,新疆<b>维吾尔</b>自治区初步形成了&quot;五个精准&quot;的扶贫体系,新疆的扶贫开发取得了巨大&nbsp;...",精准扶贫—新疆维吾尔自治区扶贫实---2021-06-20--13-48-29.html,0,0,http://web.archive.org/web/20210622055427/http://202.107.204.217/kcms/detail/detail.aspx?filename=SSQS201506011&dbcode=CJFX&dbname=
https://www.0991la.com/info/32057.html,新疆维吾尔自治区第44场涉疆问题新闻发布会实录- 乌鲁木齐都市网,2021-06-20--13-33-08,新疆<b>维吾尔</b>木卡姆艺术、玛纳斯、麦西热甫列入联合国教科文组织非遗名录。一大批印证中华文化历史性、民族性、艺术性、时代性的优秀传统文化得到&nbsp;...,新疆维吾尔自治区第44场涉疆问题---2021-06-20--13-33-08.html,1,44,http://web.archive.org/web/20210623060140/https://www.0991la.com/info/32057.html
https://www.lawfaq.cn/lawsite/list-20-91-16015-1.html,新疆维吾尔自治区省直辖行政单位信访局-法律网站,2021-06-20--11-49-48,"法律FAQ（LawFAQ.cn）信访栏目收集整理了各省市信访办公室,信访局,举报投诉等信访法律网站。",新疆维吾尔自治区省直辖行政单位信---2021-06-20--11-49-48.html,1,24,http://web.archive.org/web/20210623060300/https://www.lawfaq.cn/lawsite/list-20-91-16015-1.html
https://www.ydylcn.com/skwx_ydyl/multimedia/ImageDetail?SiteID=1&type=ImageTable&ID=10430519&ContentType=MultimediaImageContentType&isHost=null,2015～2016年新疆维吾尔自治区财政金融竞争力指标组排位及变化趋势_中国皮书网,2021-06-20--11-09-49,图片名称： 2015～2016年新疆<b>维吾尔</b>自治区财政金融竞争力指标组排位及变化趋势. 相关图书：中国省域经济综合竞争力发展报告（2016～2017）,2015～2016年新疆维吾尔自---2021-06-20--11-09-49.html,0,0,http://web.archive.org/web/20210622055547/https://www.ydylcn.com/skwx_ydyl/multimedia/ImageDetail?SiteID=1&type=ImageTable&ID=10430519&ContentType=MultimediaImageContentType&isHost=null
http://www.chinasydw.org/202106/188267.html,2021年新疆维吾尔自治区自然资源厅直属事业单位面向社会招聘20人公告,2021-06-20--10-26-09,新疆<b>维吾尔</b>自治区自然资源厅直属事业单位2021年面向社会公开招聘工作人员公告根据《事业单位公开招聘人员暂行规定》(人事部令6号)、《关于...,2021年新疆维吾尔自治区自然资---2021-06-20--10-26-09.html,0,1,https://web.archive.org/web/20210623070300/https://hm.baidu.com/hm.js?5c83d24df54e7c53e52d7a2ca2ca42d7
https://www.jiuyezhinan.com/2021/0620/114485.html,2021年新疆维吾尔自治区自然资源厅直属事业单位招聘公告,2021-06-20--09-18-57,2021年新疆<b>维吾尔</b>自治区自然资源厅直属事业单位招聘公告. 2021-06-20 14:30:14 作者：admin 来源：网络所在地区：新疆 浏览次数：0. 根据《事业&nbsp;...,2021年新疆维吾尔自治区自然资---2021-06-20--09-18-57.html,1,26,http://web.archive.org/web/20210622055648/https://www.jiuyezhinan.com/2021/0620/114485.html
https://www.zyccst.com/zhongyao-249-817748-279560.html,红花新疆红花新货统货产地新疆维吾尔自治区纯净干货、包质检、包含量假一陪十_中药材诚实通,2021-06-20--08-49-56,产地新疆<b>维吾尔</b>自治区红花150.00，阿呆中药材批发红花(新疆红花新货统货)最新出售报价，150.00元/新疆红花新货统货，6591，库存地安徽省亳州市&nbsp;...,红花新疆红花新货统货产地新疆维吾尔<b---2021-06-20--08-49-56.html,1,,http://web.archive.org/web/20210622055715/https://www.zyccst.com/zhongyao-249-817748-279560.html
https://zh.glosbe.com/ug/zh/%D8%B2%D8%A7%D9%8A%D9%89%D8%B1,翻译&#39;زايىر&#39; – 字典中文-维吾尔文| Glosbe,2021-06-20--07-58-57,زايىر 在中文中. <b>维吾尔</b>文-中文字典. زايىر. 翻译زايىر. 加. 刚果民主共和国. Wiktionnaire. 扎伊尔. GlosbeResearch. 显示算法生成的翻译. 机器翻译.,翻译&#39;زايىر&#39; – ---2021-06-20--07-58-57.html,1,3635,http://web.archive.org/web/20210622055749/https://zh.glosbe.com/ug/zh/%D8%B2%D8%A7%D9%8A%D9%89%D8%B1
https://www.ttfcc.com/company/c79c27da07df45e89cb9043733df4807,新疆维吾尔自治区计划生育协会,2021-06-20--07-35-29,新疆<b>维吾尔</b>自治区计划生育协会地址位于高新技术产业开发区钻石城路52号。主要经营范围包括宣传党的计划生育方针，政策和科学知识，推动兴办人口&nbsp;...,新疆维吾尔自治区计划生育协会---2021-06-20--07-35-29.html,1,25,https://web.archive.org/web/20210623070329/https://www.ttfcc.com/company/c79c27da07df45e89cb9043733df4807
http://yuanchuang.10jqka.com.cn/20210621/c630327242.shtml,*ST德新：公司目前办公地址为新疆维吾尔b自治区乌鲁木齐市经济技术开发区高铁北五路,2021-06-21--06-09-07,收购致宏精密后，是否有变更办公地点的打算？ 公司回答表示，尊敬的投资者，您好。公司目前办公地址为新疆<b>维吾尔</b>自治区乌鲁木齐市经济技术开发区.,*ST德新：公司目前办公地址为新疆维吾尔---2021-06-21--06-09-07.html,0,0,https://web.archive.org/web/20210623070400/https://pos.baidu.com/bcim?psi=0435e40566ac0d4f97442d5df83218c9&di=5877108&dri=0&dis=0&dai=0&ps=1329x30&enu=encoding&exps=110011&ant=0&aa=1&dcb=___adblockplus_&dtm=SSP_JSONP&dvi=0.0&dci=-1&dpt=none&tsr=0&tpr=1624431839423&ti=*ST%E5%BE%B7%E6%96%B0%EF%BC%9A%E5%85%AC%E5%8F%B8%E7%9B%AE%E5%89%8D%E5%8A%9E%E5%85%AC%E5%9C%B0%E5%9D%80%E4%B8%BA%E6%96%B0%E7%96%86%E7%BB%B4%E5%90%BE%E5%B0%94%E8%87%AA%E6%B2%BB%E5%8C%BA%E4%B9%8C%E9%B2%81%E6%9C%A8%E9%BD%90%E5%B8%82%E7%BB%8F%E6%B5%8E%E6%8A%80%E6%9C%AF%E5%BC%80%E5%8F%91%E5%8C%BA%E9%AB%98%E9%93%81%E5%8C%97%E4%BA%94%E8%B7%AF&ari=2&ver=0622&dbv=2&drs=1&pcs=1060x7361&pss=1060x7361&cfv=0&cpl=3&chi=50&cce=true&cec=GBK&tlm=1624431839&prot=2&rw=1060&ltu=http%3A%2F%2Fyuanchuang.10jqka.com.cn%2F20210621%2Fc630327242.shtml&ecd=1&uc=1600x1000&pis=-1x-1&sr=1600x1000&tcn=1624431840
http://www.ccgp.gov.cn/cggg/dfgg/zbgg/202106/t20210621_16440318.htm,新疆维吾尔b自治区阿克苏地区政府采购中心关于新疆维吾尔自治区阿克苏地区粮食和物资储备局棉衣 ...,2021-06-21--05-39-07,新疆<b>维吾尔</b>自治区阿克苏地区政府采购中心关于新疆<b>维吾尔</b>自治区阿克苏地区粮食和物资储备局棉衣棉裤棉鞋采购项目的中标(成交)结果公告. 2021年06&nbsp;...,新疆维吾尔b自治区阿克苏地区政府采购中心---2021-06-21--05-39-07.html,1,23,https://web.archive.org/web/20210623070457/https://hm.baidu.com/hm.js?9f8bda7a6bb3d1d7a9c7196bfed609b5
https://news.sina.com.cn/c/2021-06-21/doc-ikqcfnca2298947.shtml,德媒看不惯欧洲杯场边中企广告，还能扯上“新疆强迫劳动”,2021-06-21--05-26-15,... 商来自中国”为标题，对不少中资企业被纳入赛事赞助商阵营的现象表达不满，还妄称这些中企涉嫌“强迫新疆<b>维吾尔</b>人劳动”，欧足联却对此视而不见。,德媒看不惯欧洲杯场边中企广告，还能扯上“---2021-06-21--05-26-15.html,1,77,https://web.archive.org/web/20210623070527/https://news.sina.com.cn/c/2021-06-21/doc-ikqcfnca2298947.shtml
http://xj.cnr.cn/xjfw_1/dzxw/20210621/t20210621_525517507.shtml,新疆阜康：用爱温暖庭州大地,2021-06-21--04-52-30,... 照顾数10名社区的汉族、<b>维吾尔</b>族、回族和哈萨克族空巢老人。她用自己的真情付出，演绎了一段民族团结、大爱无边的故事，她就是沙尼汗·艾塔木。,新疆阜康：用爱温暖庭州大地---2021-06-21--04-52-30.html,1,34,http://web.archive.org/web/20210622060047/http://xj.cnr.cn/xjfw_1/dzxw/20210621/t20210621_525517507.shtml
https://k.sina.com.cn/article_2837359911_a91ead2704000sypa.html,6月20日新疆（含兵团）最新疫情通报,2021-06-21--02-48-45,#疫情防控动态# 【6月20日新疆（含兵团）最新疫情通报】新疆<b>维吾尔</b>自治区卫生健康委最新通报，6月20日0时至24时，新疆<b>维吾尔</b>自治区（含新疆生产&nbsp;...,6月20日新疆（含兵团）最新疫情通报---2021-06-21--02-48-45.html,1,63,https://web.archive.org/web/20210623070613/https://k.sina.com.cn/article_2837359911_a91ead2704000sypa.html
http://www.xj.xinhuanet.com/2021-06/21/c_1127582770.htm,新疆一大批优秀传统文化得到有效保护传承,2021-06-21--01-30-00,19日，新疆<b>维吾尔</b>自治区在乌鲁木齐召开“新疆非物质文化遗产的保护与传承”新闻发布会。十二木卡姆传承人、玛纳斯传承人、纳孜库姆传承人等5名新疆&nbsp;...,新疆一大批优秀传统文化得到有效保护传承---2021-06-21--01-30-00.html,1,8,failed | 202106231707
https://www.scol.com.cn/zlts_ss/202106/58190332.html,海评面：多国学者联合起底G7涉疆谎言“全产业链”,2021-06-21--00-56-15,日本横滨国立大学人类学教授村田忠禧对此深有体会。村田忠禧表示，他收集整理了许多事例和数据证明新疆<b>维吾尔</b>族人口一直在增加，从未出现过负增长&nbsp;...,海评面：多国学者联合起底G7涉疆谎言“全---2021-06-21--00-56-15.html,1,6,https://web.archive.org/web/20210622060240/https://www.scol.com.cn/zlts_ss/202106/58190332.html
https://www.jhgk.cn/findCollegeDetails.htm?id=852c203f-aee7-4548-ae03-fbedaa594923,新疆维吾尔b自治区广播电视大学-找大学-锦宏高考,2021-06-20--21-32-11,新疆<b>维吾尔</b>自治区广播电视大学. 所在地区：新疆院校举办：隶属： 学历层次：办校类型：. 院校类型：院校特色： 院校地址：新疆乌鲁木齐新华南路654&nbsp;...,新疆维吾尔b自治区广播电视大学-找大学----2021-06-20--21-32-11.html,0,0,https://web.archive.org/web/20210623070821/https://www.jhgk.cn/findCollegeDetails.htm?id=852c203f-aee7-4548-ae03-fbedaa594923
http://www.legaldaily.com.cn/index/content/2021-06/21/content_8533533.htm,“团圆”行动，圆了团聚梦,2021-06-20--21-22-30,新疆<b>维吾尔</b>自治区公安厅刑侦总队副总队长孙兵说。 2009年，公安部建立了全国打拐DNA数据库，不断收集录入被拐卖或者失踪儿童亲属的DNA以及&nbsp;...,“团圆”行动，圆了团聚梦---2021-06-20--21-22-30.html,1,14,http://web.archive.org/web/20210622060329/http://www.legaldaily.com.cn/index/content/2021-06/21/content_8533533.htm
http://61.161.158.164:8085/KCMS/detail/detail.aspx?filename=ZWDM201205068&dbcode=CJFD&dbname=CJFD2012,维吾尔b族日常对话中的语言选择及社会因素影响研究,2021-06-20--19-24-56,"【摘要】 此项研究旨在分析<b>维吾尔</b>族日常对话中的语言选择及社会因素对语言选择的影响,采用话语分析的方法,探讨四轮话语中语言选择总体模式。",维吾尔b族日常对话中的语言选择及社会因素---2021-06-20--19-24-56.html,0,0,failed | 202106231708
https://vision.xitek.com/h5/sight/201102/12-309775_27.html,映像维吾尔b:贾新城个展(27) - 色影无忌_玩摄影的都在这里,2021-06-20--17-14-01,本期无忌影展推出“发现新疆”系列影展摄影师贾新城的专题作品《映像<b>维吾尔</b>》。,映像维吾尔b:贾新城个展(27) - 色---2021-06-20--17-14-01.html,1,3635,https://web.archive.org/web/20210623070851/https://vision.xitek.com/h5/sight/201102/12-309775_27.html
http://py.qianlong.com/2021/0620/5933615.shtml,新疆起底所谓“维吾尔特别法庭”及其“证人” -千龙网,2021-06-20--06-19-47,新疆<b>维吾尔</b>自治区人民政府新闻发言人徐贵相介绍，近来，由美西方反华势力和臭名昭著的反华分裂组织“世维会”合谋成立的所谓“<b>维吾尔</b>特别法庭”，不顾&nbsp;...,新疆起底所谓“维吾尔特别法庭”及其“证人---2021-06-20--06-19-47.html,1,36,http://web.archive.org/web/20210622060437/http://py.qianlong.com/2021/0620/5933615.shtml
http://www.ddcpc.cn/detail/d_shehui/11515115670172.html,维吾尔族大叔1500份烤馕赠送贵州一线铁警当代先锋网,2021-06-22--04-25-42,6月20日上午，遵义火车站上演暖心一幕，几位<b>维吾尔</b>族群众推着装满烤馕和水果的板车，来到贵阳铁路公安处遵义车站派出所，慰问坚守在一线的干部&nbsp;...,维吾尔族大叔1500份烤馕赠送贵州一线铁---2021-06-22--04-25-42.html,1,26,http://web.archive.org/web/20210622071301/http://www.ddcpc.cn/detail/d_shehui/11515115670172.html
https://www.sdic.com.cn/cn/rmtzx/xwzx/jtdt/webinfo/2021/06/1625926394844182.htm,国投矿业与新疆维吾尔自治区地质矿产勘查开发局签署战略合作框架协议,2021-06-22--03-54-24,国投矿业与新疆<b>维吾尔</b>自治区地质矿产勘查开发局(以下简称新疆地矿局)在北京签署战略合作框架协议，国投矿业党委副书记、总经理周伟良和双方有关&nbsp;...,国投矿业与新疆维吾尔自治区地质矿产勘查开---2021-06-22--03-54-24.html,1,18,http://web.archive.org/web/20210622053524/https://www.sdic.com.cn/cn/rmtzx/xwzx/jtdt/webinfo/2021/06/1625926394844182.htm
https://wind.in-en.com/html/wind-2403619.shtml,2021年15月新疆维吾尔自治区风力发电量统计数据表,2021-06-22--03-14-17,2021年1-5月新疆<b>维吾尔</b>自治区风力发电量统计数据表月份本月产量（亿千瓦时）本月同比（%)累计产量（亿千瓦时）累计同比（%)2021年4&nbsp;...,2021年15月新疆维吾尔自治区风力发电---2021-06-22--03-14-17.html,1,36,http://web.archive.org/web/20210622071346/https://wind.in-en.com/html/wind-2403619.shtml
http://law.foodmate.net/draft/show-195717.html,新疆维吾尔自治区节能失信行为认定和记录办法试行意见建议的通知_地方法规草案,2021-06-22--02-05-20,为加快推进我区节能失信行为认定与惩戒，强化节能事中事后监管，我委研究制定了《新疆<b>维吾尔</b>自治区节能失信行为认定和记录办法（试行）》。,新疆维吾尔自治区节能失信行为认定和记录办---2021-06-22--02-05-20.html,1,48,https://web.archive.org/web/20210623070932/https://www.googletagservices.com/tag/js/gpt.js
http://www.legaldaily.com.cn/index/content/2021-06/22/content_8534531.htm,持续解决热点难点问题新疆市场监管部门守护阳光下的盘中餐,2021-06-22--01-52-28,法治日报全媒体记者潘从武. “开展食品安全问题联合整治，实施校园食品安全守护行动，深化餐饮质量安全提升”，记者从新疆<b>维吾尔</b>自治区新闻办6月21&nbsp;...,持续解决热点难点问题新疆市场监管部门守护---2021-06-22--01-52-28.html,1,12,http://web.archive.org/web/20210622071432/http://www.legaldaily.com.cn/index/content/2021-06/22/content_8534531.htm
https://dalian.runsky.com/2021-06/22/content_6135024.html,童心向党迎百年民族团结庆华诞,2021-06-22--01-41-15,蒙古族的安代舞、阿瓦人民唱新歌、藏族舞蹈《吉祥谣》、<b>维吾尔</b>族的新疆舞等民族歌舞表演，充分表达了各民族人民共同营造美好家园、和谐中国的&nbsp;...,童心向党迎百年民族团结庆华诞---2021-06-22--01-41-15.html,1,7,https://web.archive.org/web/20210623071008/https://dalian.runsky.com/2021-06/22/content_6135024.html
http://cpc.people.com.cn/n1/2021/0622/c64387-32137094.html,让文物说话让历史故事落地文化遗产赋彩生活,2021-06-22--01-30-00,新疆<b>维吾尔</b>自治区党委宣传部副部长任彦宾评价。 据悉，该剧在天桥艺术中心连演3场，之后将赴乌鲁木齐与和田地区巡演。 《 人民日报》（&nbsp;...,让文物说话让历史故事落地文化遗产赋彩生活---2021-06-22--01-30-00.html,1,43,http://web.archive.org/web/20210622061058/http://cpc.people.com.cn/n1/2021/0622/c64387-32137094.html
http://acftu.workercn.cn/34165/202106/22/210622090929174.shtml,中国职工发展基金会向英模拉齐尼巴依卡亲属发放慰问金,2021-06-22--01-18-45,按照中华全国总工会党组和新疆<b>维吾尔</b>自治区总工会党组的安排部署，自治区总工会积极与中国职工发展基金会对接，第一时间启动关爱劳模专项行动，&nbsp;...,中国职工发展基金会向英模拉齐尼巴依卡亲属---2021-06-22--01-18-45.html,1,20,http://web.archive.org/web/20210622071555/http://acftu.workercn.cn/34165/202106/22/210622090929174.shtml
https://www.chinatimes.com/cn/realtimenews/20210622001138-260409,中方欢迎参访坚决反对联合国人权高专涉港涉疆言论及有罪调查,2021-06-22--01-07-30,她特别提到新疆和香港，希望今年能有意义地前往新疆，切实调查<b>维吾尔</b>人权状况。她还说，《香港国安法》颁布已经一年，人权高专办事处得知许多&nbsp;...,中方欢迎参访坚决反对联合国人权高专涉港涉---2021-06-22--01-07-30.html,1,67,https://web.archive.org/web/20210623071104/https://www.chinatimes.com/cn/realtimenews/20210622001138-260409
https://news.sina.com.cn/c/2021-06-22/doc-ikqciyzk1031437.shtml,这些人想挑拨中俄关系普京一眼就看穿了,2021-06-21--23-26-32,记者：您如何看待中国对待新疆<b>维吾尔</b>人的方式？ 普京：你知道，（清了清喉咙）我见过一些<b>维吾尔</b>人……我在中国之行中，遇到过&nbsp;...,这些人想挑拨中俄关系普京一眼就看穿了---2021-06-21--23-26-32.html,1,76,https://web.archive.org/web/20210623071206/https://news.sina.com.cn/c/2021-06-22/doc-ikqciyzk1031437.shtml
http://news.youth.cn/gj/202106/t20210621_13038813.htm,外交部维吾尔族群众有权拿起法律武器同涉疆谎言作斗争,2021-06-21--23-04-30,6月21日，外交部发言人赵立坚主持例行记者会。有记者提问：近日，中国<b>维吾尔</b>族青年诺尔阿地力·吾布力卡斯在社交平台发表倡议书，驳斥澳大利亚&nbsp;...,外交部维吾尔族群众有权拿起法律武器同涉疆---2021-06-21--23-04-30.html,1,63,https://web.archive.org/web/20210618023431/https://m.youth.cn/images/youthVideo-min.1.0.js?20190303
https://cn.linkedin.com/in/%E5%8D%9A%E9%98%B3-%E9%A9%AC-7948a21a1/en?trk=people-guest_people_search-card,马博阳中国新疆维吾尔自治区LinkedIn,2021-06-21--22-57-50,马博阳| 中国新疆<b>维吾尔</b>自治区| 三中学生| 0 位好友| 在领英查看博阳的完整档案并添加好友.,马博阳中国新疆维吾尔自治区LinkedI---2021-06-21--22-57-50.html,0,2,failed | 202106231713
http://news.youth.cn/gn/202106/t20210622_13039740.htm,我为青年做件事4323名新疆青年线上免费培训国家通用语言文字,2021-06-21--21-56-15,共青团新疆<b>维吾尔</b>自治区委员会书记买买提江·达吾提说，新疆特别是南疆青年群体国家通用语言文字基础薄弱，在求学就业、沟通交流中难以熟练运用&nbsp;...,我为青年做件事4323名新疆青年线上免费---2021-06-21--21-56-15.html,0,3,failed | 202106231714
https://www.youbianku.com/%E6%96%B0%E7%96%86%E7%BB%B4%E5%90%BE%E5%B0%94%E8%87%AA%E6%B2%BB%E5%8C%BA%E5%96%80%E4%BB%80%E5%9C%B0%E5%8C%BA%E5%96%80%E4%BB%80%E5%B8%82%E8%89%B2%E6%BB%A1%E8%B7%AF204%E5%8F%B79%E5%8F%B7%E6%A5%BC,新疆维吾尔自治区喀什地区喀什市色满路204号9号楼844099邮政编码查询邮编库️,2021-06-21--20-55-58,色满路204号9号楼位于新疆<b>维吾尔</b>自治区喀什地区喀什市，其邮政编码是844099，详细位置请看下面的在线地图，您还可以在此留言。,新疆维吾尔自治区喀什地区喀什市色满路20---2021-06-21--20-55-58.html,0,0,https://web.archive.org/web/20210622071918/https://www.youbianku.com/%E6%96%B0%E7%96%86%E7%BB%B4%E5%90%BE%E5%B0%94%E8%87%AA%E6%B2%BB%E5%8C%BA%E5%96%80%E4%BB%80%E5%9C%B0%E5%8C%BA%E5%96%80%E4%BB%80%E5%B8%82%E8%89%B2%E6%BB%A1%E8%B7%AF204%E5%8F%B79%E5%8F%B7%E6%A5%BC
http://gat.guizhou.gov.cn/xwdt/mtbd1/202106/t20210622_68753089.html,只为报答党恩维吾尔大叔1500份烤馕赠送贵州一线铁警,2021-06-21--20-48-45,6月20日上午，遵义火车站上演暖心一幕:几位在黔务工的新疆<b>维吾尔</b>同胞推着装满烤馕和水果的板车，手持“民族团结一家亲，拥政卫国报党恩”的横幅来到&nbsp;...,只为报答党恩维吾尔大叔1500份烤馕赠送---2021-06-21--20-48-45.html,1,27,https://web.archive.org/web/20210621145202/https://zfwzgl.www.gov.cn/exposure/jiucuo.js
https://www.rfa.org/mandarin/yataibaodao/shaoshuminzu/lf-06212021140115.html,联合国人权专员首度喊话望今年准入新疆调查种族灭绝,2021-06-21--18-59-40,巴切莱特周一在日内瓦举行的联合国人权理事会会议开幕式上说：“我继续与中国讨论访问的方式，包括有意义地进入新疆<b>维吾尔</b>自治区。希望今年能够&nbsp;...,联合国人权专员首度喊话望今年准入新疆调查---2021-06-21--18-59-40.html,1,66,http://web.archive.org/web/20210622062039/https://www.rfa.org/mandarin/yataibaodao/shaoshuminzu/lf-06212021140115.html
https://m.jiemian.com/article/6262993.html,外交部维吾尔族群众有权拿起法律武器同涉疆谎言作斗争界面新闻,2021-06-21--18-57-04,6月21日，外交部发言人赵立坚主持例行记者会。赵立坚表示，我注意到了有关的报道，诺尔阿地力·吾布力卡斯等<b>维吾尔</b>族群众有权拿起法律武器，同各&nbsp;...,外交部维吾尔族群众有权拿起法律武器同涉疆---2021-06-21--18-57-04.html,1,22,failed | 202106231716
http://jxjyxuexi.chinaacc.com/xinjiang/zizhiqu//CourseIntro.aspx?StudyID=5847&CourseID=1866&CourseVerify=acc1054310,新疆维吾尔自治区会计人员继续教育网上培训,2021-06-21--18-36-22,《企业会计准则》由财政部制定，于2006年2月15日发布，自2007年1月1日起施行。本准则对加强和规范企业会计行为，提高企业经营管理水平和会计规范&nbsp;...,新疆维吾尔自治区会计人员继续教育网上培训---2021-06-21--18-36-22.html,0,4,http://web.archive.org/web/20210622072132/http://jxjyxuexi.chinaacc.com/xinjiang/zizhiqu//CourseIntro.aspx?StudyID=5847&CourseID=1866&CourseVerify=acc1054310
https://sf.taobao.com/court_item.htm?circ=1&user_id=3336237671&auction_source=0&item_biz_type=8&st_param=0&auction_start_seg=-1,新疆维吾尔自治区哈密市中级人民法院_司法拍卖拍品名单,2021-06-21--17-51-14,新疆<b>维吾尔</b>自治区哈密市中级人民法院司法拍卖是新疆<b>维吾尔</b>自治区哈密市中级人民法院在民事案件强制执行程序中，按程序委托淘宝网公开处理债务人&nbsp;...,新疆维吾尔自治区哈密市中级人民法院_司法---2021-06-21--17-51-14.html,0,1,http://web.archive.org/web/20210622072156/https://sf.taobao.com/court_item.htm?circ=1&user_id=3336237671&auction_source=0&item_biz_type=8&st_param=0&auction_start_seg=-1
https://new.qq.com/omn/20210621/20210621A0DCCR00.html,新版新疆维吾尔自治区中药维吾尔药饮片炮制规范发行_腾讯新闻,2021-06-21--17-32-34,天山网讯（记者赵敏报道）6月21日，《新疆<b>维吾尔</b>自治区中药<b>维吾尔</b>药饮片炮制规范》（2020年版）首发暨赠书活动举行。饮片炮制是在中医药理论&nbsp;...,新版新疆维吾尔自治区中药维吾尔药饮片炮制---2021-06-21--17-32-34.html,1,7,failed | 202106231716
http://www.altxw.com/news/system/2021/06/24/030089816.shtml,学党史悟思想办实事开新局感党恩齐奋进,2021-06-24--05-34-31,新疆<b>维吾尔</b>自治区文化和旅游厅、新疆文博院共同举办了“学党史颂党恩最美的歌声献给党”歌唱比赛（5月25日摄）。代表队正在演唱《唱支山歌给党听》&nbsp;...,学党史悟思想办实事开新局感党恩齐奋进---2021-06-24--05-34-31.html,https://web.archive.org/web/20210622221123/https://res.wx.qq.com/open/js/jweixin-1.6.0.js,,
http://www.xjzx.gov.cn/ztlm/sejechy/index.html,中国人民政治协商会议新疆维吾尔自治区委员会_自治区政协十二届二次会议,2021-06-24--03-35-48,自治区政协常务委员会工作报告——2019年1月13日在新疆<b>维吾尔</b>自治区政...2019-01-22; 自治区政协十二届二次会议闭幕陈全国雪克来提·扎克尔肖开提·&nbsp;...,中国人民政治协商会议新疆维吾尔自治区委员---2021-06-24--03-35-48.html,https://web.archive.org/web/20210622221123/https://res.wx.qq.com/open/js/jweixin-1.6.0.js,,
https://cn.wsj.com/articles/美国计划惩罚多家中国太阳能电池板原料公司，扩大针对新疆强迫劳动的行动-11624504810,美国计划惩罚多家中国太阳能电池板原料公司扩大针对新疆强迫劳动的行动,2021-06-24--03-20-25,许多<b>维吾尔</b>人和其他穆斯林为主民族的成员被关进新疆的拘留中心。 上述新行动不太可能阻碍中国光伏行业的发展，或使美国企业难以生产或销售太阳能&nbsp;...,美国计划惩罚多家中国太阳能电池板原料公司---2021-06-24--03-20-25.html,https://web.archive.org/web/20210622221123/https://res.wx.qq.com/open/js/jweixin-1.6.0.js,,
http://www.altxw.com/news/system/2021/06/24/030089828.shtml,新疆各族群众劳动就业完全自由,2021-06-24--02-15-00,... 谎言攻击新疆，妄图阻碍新疆经济社会发展。6月23日，新疆<b>维吾尔</b>自治区在乌鲁木齐召开专场涉疆问题新闻发布会，来自喀什地区、和田地区、阿克苏&nbsp;...,新疆各族群众劳动就业完全自由---2021-06-24--02-15-00.html,https://web.archive.org/web/20210622221123/https://res.wx.qq.com/open/js/jweixin-1.6.0.js,,
https://www.dwnews.com/全球/60247753/美国将中国新疆五个实体列入黑名单指控其涉嫌强迫劳动,美国将中国新疆五个实体列入黑名单指控其涉嫌强迫劳动,2021-06-24--01-30-00,美国商务部表示，这些中国企业与新疆生产建设兵团“在中国对新疆<b>维吾尔</b>族、哈萨克族和其他穆斯林少数民族进行镇压、大规模任意拘留、强迫劳动和高&nbsp;...,美国将中国新疆五个实体列入黑名单指控其涉---2021-06-24--01-30-00.html,https://web.archive.org/web/20210622221123/https://res.wx.qq.com/open/js/jweixin-1.6.0.js,,
https://cn.reuters.com/article/us-china-business-sanctions-0624-idCNKCS2E003E,美国以侵犯人权为由限制对五家中国实体出口,2021-06-24--01-18-45,至少有部分被加列入清单的实体制造用于太阳能电池板生产的单晶硅和多晶硅。 根据周三提交的一份美国政府文件，上述实体因侵犯人权和虐待<b>维吾尔</b>族等&nbsp;...,美国以侵犯人权为由限制对五家中国实体出口---2021-06-24--01-18-45.html,https://web.archive.org/web/20210622221123/https://res.wx.qq.com/open/js/jweixin-1.6.0.js,,
https://huanbao.bjx.com.cn/news/20210624/1160038.shtml,2021年6月第4周最新全国中水回用项目汇总,2021-06-24--01-07-30,新疆中水回用厂及中水管网建设项目，1、项目建设地址：新疆<b>维吾尔</b>自治区巴音郭楞蒙古自治州。2、项目内容：项目占地面积为9485m2，建设1.2&nbsp;...,2021年6月第4周最新全国中水回用项目---2021-06-24--01-07-30.html,https://web.archive.org/web/20210622221123/https://res.wx.qq.com/open/js/jweixin-1.6.0.js,,
https://www.chinatimes.com/cn/realtimenews/20210624000752-260408,涉及人权侵害美商务部黑名单新增5家中企,2021-06-23--22-18-45,... 材料科技有限公司、及新疆生产建设兵团。 根据今天提交的政府文件，这些中企因为人权侵害、伤害<b>维吾尔</b>人及其他穆斯林族群而被列入这份黑名单。,涉及人权侵害美商务部黑名单新增5家中企---2021-06-23--22-18-45.html,https://web.archive.org/web/20210622221123/https://res.wx.qq.com/open/js/jweixin-1.6.0.js,,
https://www.rfa.org/mandarin/yataibaodao/shaoshuminzu/lf-06232021133251.html,有法无用新疆强迫劳动商品仍持续进入加拿大,2021-06-23--18-56-15,今年一月，渥太华进一步收紧限制措施，警告企业不可进口使用强迫<b>维吾尔</b>人劳动制成的商品，但媒体调查发现，加拿大边境服务局(CBSA)始终未执行过&nbsp;...,有法无用新疆强迫劳动商品仍持续进入加拿大---2021-06-23--18-56-15.html,https://web.archive.org/web/20210622221123/https://res.wx.qq.com/open/js/jweixin-1.6.0.js,,
https://www.rfa.org/mandarin/pinglun/jujiaoweiwuer/ylxt-06232021122519.html,聚焦维吾尔伊利夏提乌鲁木齐75十二周年祭,2021-06-23--18-45-00,说十二年前的7.5，是现在正在发生<b>维吾尔</b>种族灭绝的始点并不夸张。就如三十二年前的6.4天安门大屠杀，7.5有很多人死亡，有很多人失踪。死亡者、失踪&nbsp;...,聚焦维吾尔伊利夏提乌鲁木齐75十二周年祭---2021-06-23--18-45-00.html,https://web.archive.org/web/20210622221123/https://res.wx.qq.com/open/js/jweixin-1.6.0.js,,
"https://sf.taobao.com/court_item.htm?circ=,2,4&user_id=3335067040&auction_source=0&item_biz_type=6&st_param=1&sub_item_biz_type=601&auction_start_seg=-1",新疆维吾尔自治区伊犁哈萨克自治州阿勒泰地区中级人民法院_司法拍卖拍品名单,2021-06-23--18-18-57,新疆<b>维吾尔</b>自治区伊犁哈萨克自治州阿勒泰地区中级人民法院. 拍卖公告13; 上拍次数11. 法院标的物 &middot; 法院公告 &middot; 工作公示. 标的物类型. 不限 &middot; 住宅用房&nbsp;...,新疆维吾尔自治区伊犁哈萨克自治州阿勒泰地---2021-06-23--18-18-57.html,https://web.archive.org/web/20210622221123/https://res.wx.qq.com/open/js/jweixin-1.6.0.js,,
https://www.rfa.org/mandarin/Xinwen/7-06232021131819.html,美国务院否认安排国务卿布林肯与中国外长王毅下周举行会晤计划,2021-06-23--17-26-15,但布林肯本月稍早曾致电中共中央政治局委员、中央外事工作委员会办公室主任杨洁篪，针对新冠病毒溯源所需的中方透明合作，以及新疆<b>维吾尔</b>&nbsp;...,美国务院否认安排国务卿布林肯与中国外长王---2021-06-23--17-26-15.html,https://web.archive.org/web/20210622221123/https://res.wx.qq.com/open/js/jweixin-1.6.0.js,,
https://www.ydylcn.com/skwx_ydyl/multimedia/ImageDetail?SiteID=1&type=ImageTable&ID=10438915&ContentType=MultimediaImageContentType&isHost=null,新疆维吾尔自治区十一五期间经济综合竞争力二级指标比较表_中国皮书网,2021-06-23--16-00-29,图片名称： 新疆<b>维吾尔</b>自治区“十一五”期间经济综合竞争力二级指标比较表. 相关图书：“十一五”期间中国省域经济综合竞争力发展报告 作者：,新疆维吾尔自治区十一五期间经济综合竞争力---2021-06-23--16-00-29.html,https://web.archive.org/web/20210622221123/https://res.wx.qq.com/open/js/jweixin-1.6.0.js,,
https://m.jiemian.com/article/6273480.html,新疆维吾尔自治区代表任何反华势力都无法破坏新疆安定团结的大好局面界面新闻,2021-06-23--15-24-23,6月22日，中国新疆<b>维吾尔</b>自治区科协副主席古丽娜尔·吾甫力在人权理事会第47届会议与人权高专对话时代表中国政府代表团发言，介绍新疆近年来社会&nbsp;...,新疆维吾尔自治区代表任何反华势力都无法破---2021-06-23--15-24-23.html,https://web.archive.org/web/20210622221123/https://res.wx.qq.com/open/js/jweixin-1.6.0.js,,
https://www.youbianku.com/新疆维吾尔自治区乌鲁木齐市天山区红雁街道办事处行政区划,新疆维吾尔自治区乌鲁木齐市天山区红雁街道办事处830002邮政编码查询邮编库️,2021-06-23--14-18-42,这是中国新疆<b>维吾尔</b>自治区乌鲁木齐市天山区红雁街道办事处行政区划区划介绍页面，页面提供了在线地图、详细的行政区划、邮编等信息。,新疆维吾尔自治区乌鲁木齐市天山区红雁街道---2021-06-23--14-18-42.html,https://web.archive.org/web/20210622221123/https://res.wx.qq.com/open/js/jweixin-1.6.0.js,,
https://stock.stockstar.com/notice/SN2021062300003865.shtml,苑东生物苑东生物关于自愿披露公司参与全国药品集中采购拟中选的公告,2021-06-23--13-39-59,<b>维吾尔</b>自治区、甘肃 作用（如心动 省、宁夏回族自治区 过缓） 预防成人非瓣 上海市、江苏省、山 膜性房颤患者 东省、江西省、河南 的卒中和体循&nbsp;...,苑东生物苑东生物关于自愿披露公司参与全国---2021-06-23--13-39-59.html,https://web.archive.org/web/20210622221123/https://res.wx.qq.com/open/js/jweixin-1.6.0.js,,
http://www.chinanews.com/gn/2021/06-23/9505789.shtml,新疆维吾尔自治区代表任何反华势力都无法破坏新疆安定团结的大好局面,2021-06-23--13-36-17,6月22日，中国新疆<b>维吾尔</b>自治区科协副主席古丽娜尔·吾甫力在人权理事会第47届会议与人权高专对话时代表中国政府代表团发言，介绍新疆近年来社会&nbsp;...,新疆维吾尔自治区代表任何反华势力都无法破---2021-06-23--13-36-17.html,https://web.archive.org/web/20210622221123/https://res.wx.qq.com/open/js/jweixin-1.6.0.js,,
https://stock.stockstar.com/notice/SN2021062300003869.shtml,华润三九关于注射用头孢唑林钠注射用头孢他啶拟中选全国药品集中采购的公告,2021-06-23--13-30-00,江苏省、广东省、江西省、重庆市、安徽省、新疆<b>维吾尔</b>自治区、 内蒙古自治区 （二）注射用头孢他啶 ：安徽省、陕西省、青海省 上述品种的最终中选&nbsp;...,华润三九关于注射用头孢唑林钠注射用头孢他---2021-06-23--13-30-00.html,https://web.archive.org/web/20210622221123/https://res.wx.qq.com/open/js/jweixin-1.6.0.js,,
http://www.ccgp.gov.cn/cggg/zygg/gzgg/202106/t20210623_16459863.htm,国家税务总局新疆维吾尔自治区税务局电子税务局升级改造项目中标公告更正公告,2021-06-23--13-16-31,一、项目基本情况. 原公告的采购项目编号：XJTF(GK)2021ZF168. 原公告的采购项目名称：国家税务总局新疆<b>维吾尔</b>自治区税务局电子税务局升级改造&nbsp;...,国家税务总局新疆维吾尔自治区税务局电子税---2021-06-23--13-16-31.html,https://web.archive.org/web/20210622221123/https://res.wx.qq.com/open/js/jweixin-1.6.0.js,,
http://jxjyxuexi.chinaacc.com/xinjiang/zizhiqu//CourseIntro.aspx?StudyID=7833&CourseID=2622&CourseVerify=acc1078240,新疆维吾尔自治区会计人员继续教育网上培训,2021-06-23--12-58-44,课程讲解法律基础知识，主要对行政法、税收相关法规政策进行讲解，内容包括行政法基础、税务行政许可和非许可审批、税务行政处罚、税务行政&nbsp;...,新疆维吾尔自治区会计人员继续教育网上培训---2021-06-23--12-58-44.html,https://web.archive.org/web/20210622221123/https://res.wx.qq.com/open/js/jweixin-1.6.0.js,1,8
